mutant,VPC-13566,VPC-13789,Apalutamide,Bicalutamide,Enzalutamide,Hydroxyflutamide,Darolutamide
A587V,,,,3,1,,
A588S,,,,3,1,,
A722T,,,,1,1,,
A749T,,,,0,0,,
A749V,,,,0,0,,
A897T,,,,3,1,,
C620Y,,,,0,0,,
D880E,1,1,1,3,1,3,1
D880G,,,,1,1,,
D891H,1,1,1,3,1,3,1
D891N,,,,3,1,,
E666D,,,,3,1,,
E873Q,,,,1,1,,
E894K,1,1,1,3,1,3,1
E898G,1,1,1,1,1,3,1
F755L,,,,1,1,,
F765A,,,,,0,,
F765G,,,,,0,,
F765Q,,,,,0,,
F877A,,,,,0,,
F877G,,,,,3,,
F877L,1,1,3,1,3,3,1
F877L_T878A,1,1,2,1,2,2,1
F877T,,,,,1,,
G684A,,,,3,1,,
G725D,,,,0,0,,
G751S,,,,3,1,,
G910E,,,,1,1,,
H875Q,1,1,1,3,1,3,1
H875Q_T919S,1,1,1,3,1,3,1
H875Y,1,1,3,1,3,2,3
H875Y_T878A,1,1,3,2,3,2,1
I800T,,,,1,1,,
K581R,,,,1,1,,
K631T,,,,3,1,,
K721E,,,,1,1,,
K911R,,,,3,1,,
L595M,,,,3,1,,
L702H,1,1,1,3,1,3,0
L705W,,,,,0,,
L723F,,,,0,0,,
L745F,,,,0,0,,
L874N,,,,,0,,
L881Q,,,,3,1,,
L882I,1,1,1,3,1,3,1
M750I,,,,0,0,,
M887I,,,,3,1,,
M896T,1,1,1,3,1,3,3
M896V,1,1,1,2,1,3,3
N757D,,,,0,0,,
Q671R,,,,3,1,,
Q799E,,,,3,1,,
Q903R,,,,1,1,,
Q920R,,,,3,1,,
R630Q,,,,3,1,,
R753H,,,,,0,,
R753P,,,,,0,,
R753S,,,,,0,,
R847G,,,,3,1,,
S760P,,,,0,0,,
S783N,,,,3,1,,
S792P,,,,0,0,,
S866P,,,,0,0,,
S889G,1,1,1,2,1,3,1
T576A,,,,3,1,,
T756A,,,,1,1,,
T878A,1,1,1,2,3,2,1
T878A_D891H,1,1,1,1,3,3,1
T878A_S889G,1,1,1,3,3,3,1
T878C,,,,,1,,
T878G,,,1,3,1,3,1
T878P,,,,,0,,
T878S,1,1,1,3,1,2,1
T878V,,,,,0,,
T919S,1,1,1,3,1,3,3
V716M,1,1,1,3,1,3,3
V731M,1,1,1,3,1,3,1
V758A,,,,3,1,,
V758I,,,,3,1,,
V867M,,,,0,0,,
W742C,1,1,1,2,1,3,1
W742L,1,1,1,2,1,3,1
WT,1,1,1,3,1,3,3
Y764C,,,,1,1,,